List,Surah,Ayah
prophet-nuh,Al-Imran,33
prophet-nuh,An-Nisa,163
prophet-nuh,Al-Anam,84
prophet-nuh,Al-A’raf,59
prophet-nuh,Al-A’raf,69
prophet-nuh,Al-A’raf,59-64
prophet-nuh,At-Taubah,70
prophet-nuh,Yunus,71
prophet-nuh,Yunus,71-73
prophet-nuh,Hud,25
prophet-nuh,Hud,32
prophet-nuh,Hud,36
prophet-nuh,Hud,42
prophet-nuh,Hud,45
prophet-nuh,Hud,46
prophet-nuh,Hud,48
prophet-nuh,Hud,89
prophet-nuh,Hud,25-49
prophet-nuh,Ibrahim,9
prophet-nuh,Al-Isra,3
prophet-nuh,Al-Isra,17
prophet-nuh,Maryam,58
prophet-nuh,Al-Anbiya,76
prophet-nuh,Al-Hajj,42
prophet-nuh,Al-Mu’minun,23
prophet-nuh,Al-Mu’minun,23-30
prophet-nuh,Al-Furqan,37
prophet-nuh,Ash-Shu’ara,105
prophet-nuh,Ash-Shu’ara,106
prophet-nuh,Ash-Shu’ara,116
prophet-nuh,Ash-Shu’ara,105-122
prophet-nuh,Al-Ankabut,14
prophet-nuh,Al-Ahzab,7
prophet-nuh,As-Saffat,75
prophet-nuh,As-Saffat,75-82
prophet-nuh,Sad,12
prophet-nuh,Ghafir,5
prophet-nuh,Ghafir,31
prophet-nuh,Ash-Shura,13
prophet-nuh,Qaf,12
prophet-nuh,Adh-Dhariyat,46
prophet-nuh,An-Najm,52
prophet-nuh,Al-Qamar,9
prophet-nuh,Al-Hadid,26
prophet-nuh,At-Tahrim,10
prophet-nuh,Nuh,1
prophet-nuh,Nuh,21
prophet-nuh,Nuh,26
prophet-nuh,Nuh,1-28
prophet-nuh,Al-Jinn,1-14
prophet-nuh,Al-Muzzammil,15-17
faith,Al-Baqarah,93
faith,Al-Baqarah,108
faith,Al-Baqarah,109
faith,Al-Baqarah,143
faith,Al-Baqarah,283
faith,Al-Imran,86
faith,Al-Imran,90
faith,Al-Imran,100
faith,Al-Imran,106
faith,Al-Imran,167
faith,Al-Imran,173
faith,Al-Imran,177
faith,Al-Imran,193
faith,An-Nisa,25
faith,An-Nisa,174-175
faith,Al-Ma'idah,5
faith,Al-Anam,82
faith,Al-Anam,158
faith,Al-Anfal,2
faith,At-Taubah,23
faith,At-Taubah,66
faith,At-Taubah,124
faith,Yunus,9
faith,Yunus,98
faith,An-Nahl,106
faith,Al-Ankabut,69
faith,Ar-Rum,56
faith,As-Sajdah,29
faith,Al-Ahzab,22
faith,Al-Ahzab,-41-43
faith,Ghafir,10
faith,Ghafir,28
faith,Ghafir,85
faith,Ash-Shura,52
faith,Al-Fath,4
faith,Al-Hujurat,7
faith,Al-Hujurat,11
faith,Al-Hujurat,14
faith,Al-Hujurat,17
faith,At-Tur,21
faith,Al-Mujadila,22
faith,Al-Hashr,9
faith,Al-Hashr,10
faith,Al-Mumtahanah,10
faith,Al-Muddaththir,31
faith,Al-Asr,-1-2
guidance,Al-Fatiha,6
guidance,Al-Fatiha,7
guidance,Al-Baqarah,2
guidance,Al-Baqarah,5
guidance,Al-Baqarah,16
guidance,Al-Baqarah,38
guidance,Al-Baqarah,97
guidance,Al-Baqarah,120
guidance,Al-Baqarah,159
guidance,Al-Baqarah,175
guidance,Al-Baqarah,185
guidance,Al-Baqarah,272
guidance,Al-Imran,4
guidance,Al-Imran,73
guidance,Al-Imran,96
guidance,Al-Imran,138
guidance,An-Nisa,115
guidance,Al-Ma'idah,44
guidance,Al-Ma'idah,46
guidance,Al-Anam,35
guidance,Al-Anam,71
guidance,Al-Anam,88
guidance,Al-Anam,90
guidance,Al-Anam,91
guidance,Al-Anam,154
guidance,Al-Anam,157
guidance,Al-A'raf,43
guidance,Al-A'raf,52
guidance,Al-A'raf,154
guidance,Al-A'raf,193
guidance,Al-A'raf,198
guidance,Al-A'raf,203
guidance,At-Taubah,33
guidance,Yunus,57
guidance,Yusuf,111
guidance,An-Nahl,37
guidance,An-Nahl,64
guidance,An-Nahl,89
guidance,An-Nahl,102
guidance,Al-Isra,2
guidance,Al-Isra,94
guidance,Al-Kahf,13
guidance,Al-Kahf,55
guidance,Al-Kahf,57
guidance,Al-Kahf,66
guidance,Maryam,76
guidance,Ta-Ha,10
guidance,Ta-Ha,47
guidance,Ta-Ha,123
guidance,Al-Anbiya,51
guidance,Al-Hajj,8
guidance,Al-Hajj,67
guidance,An-Naml,2
guidance,An-Naml,77
guidance,An-Naml,92
guidance,Al-Qasas,37
guidance,Al-Qasas,43
guidance,Al-Qasas,50
guidance,Al-Qasas,57
guidance,Al-Qasas,85
guidance,Luqman,3
guidance,Luqman,5
guidance,Luqman,20
guidance,As-Sajdah,13
guidance,Saba,24
guidance,Saba,32
guidance,Az-Zumar,23
guidance,Az-Zumar,41
guidance,Ghafir,53
guidance,Fussilat,17
guidance,Fussilat,40
guidance,Fussilat,44
guidance,Az-Zukhruf,24
guidance,Al-Jathiyah,11
guidance,Al-Jathiyah,20
guidance,Muhammad,17
guidance,Muhammad,25
guidance,Muhammad,32
guidance,Al-Fath,28
guidance,An-Najm,23
guidance,As-Saff,9
guidance,Al-Jinn,13
guidance,Al-Lail,12
guidance,Al-Alaq,11
dunya,Al-Baqarah,85
dunya,Al-Baqarah,86
dunya,Al-Baqarah,114
dunya,Al-Baqarah,130
dunya,Al-Baqarah,200
dunya,Al-Baqarah,201
dunya,Al-Baqarah,204
dunya,Al-Baqarah,212
dunya,Al-Baqarah,217
dunya,Al-Baqarah,220
dunya,Al-Imran,14
dunya,Al-Imran,22
dunya,Al-Imran,45
dunya,Al-Imran,56
dunya,Al-Imran,117
dunya,Al-Imran,145
dunya,Al-Imran,148
dunya,Al-Imran,152
dunya,Al-Imran,185
dunya,An-Nisa,74
dunya,An-Nisa,77
dunya,An-Nisa,94
dunya,An-Nisa,109
dunya,An-Nisa,134
dunya,Al-Ma’idah,33
dunya,Al-Ma’idah,41
dunya,Al-Anam,29
dunya,Al-Anam,32
dunya,Al-Anam,70
dunya,Al-Anam,130
dunya,Al-A’raf,32
dunya,Al-A’raf,51
dunya,Al-A’raf,152
dunya,Al-A’raf,156
dunya,Al-Anfal,42
dunya,Al-Anfal,67
dunya,At-Taubah,38
dunya,At-Taubah,55
dunya,At-Taubah,69
dunya,At-Taubah,74
dunya,At-Taubah,85
dunya,Yunus,7
dunya,Yunus,23
dunya,Yunus,24
dunya,Yunus,64
dunya,Yunus,70
dunya,Yunus,88
dunya,Yunus,98
dunya,Hud,15
dunya,Hud,60
dunya,Yusuf,101
dunya,Ar-Ra’d,26
dunya,Ar-Ra’d,34
dunya,Ibrahim,3
dunya,Ibrahim,27
dunya,An-Nahl,30
dunya,An-Nahl,41
dunya,An-Nahl,107
dunya,An-Nahl,122
dunya,Al-Kahf,28
dunya,Al-Kahf,45
dunya,Al-Kahf,46
dunya,Al-Kahf,104
dunya,Ta-Ha,72
dunya,Ta-Ha,131
dunya,Al-Hajj,9
dunya,Al-Hajj,11
dunya,Al-Hajj,15
dunya,Al-Mu’minun,33
dunya,Al-Mu’minun,37
dunya,An-Nur,14
dunya,An-Nur,19
dunya,An-Nur,23
dunya,An-Nur,33
dunya,Al-Qasas,42
dunya,Al-Qasas,60
dunya,Al-Qasas,61
dunya,Al-Qasas,77
dunya,Al-Qasas,79
dunya,Al-Ankabut,25
dunya,Al-Ankabut,27
dunya,Al-Ankabut,64
dunya,Ar-Rum,7
dunya,Luqman,15
dunya,Luqman,33
dunya,Al-Ahzab,28
dunya,Al-Ahzab,57
dunya,Fatir,5
dunya,As-Saffat,6
dunya,Az-Zumar,10
dunya,Az-Zumar,26
dunya,Ghafir,39
dunya,Ghafir,43
dunya,Ghafir,51
dunya,Fussilat,12
dunya,Fussilat,16
dunya,Fussilat,31
dunya,Ash-Shura,20
dunya,Ash-Shura,36
dunya,Az-Zukhruf,32
dunya,Az-Zukhruf,35
dunya,Al-Jathiyah,24
dunya,Al-Jathiyah,35
dunya,Al-Ahqaf,20
dunya,Muhammad,36
dunya,An-Najm,29
dunya,Al-Hadid,20
dunya,Al-Hashr,3
dunya,Al-Mulk,5
dunya,An-Nazi’at,38
dunya,Al-Ala,16
haram-and-forbidden,Al-Baqarah,173
haram-and-forbidden,Al-Baqarah,194
haram-and-forbidden,Al-Baqarah,275
haram-and-forbidden,Al-Imran,50
haram-and-forbidden,An-Nisa,23
haram-and-forbidden,An-Nisa,31
haram-and-forbidden,An-Nisa,160
haram-and-forbidden,An-Nisa,161
haram-and-forbidden,Al-Ma'idah,3
haram-and-forbidden,Al-Ma'idah,26
haram-and-forbidden,Al-Ma'idah,42
haram-and-forbidden,Al-Ma'idah,62
haram-and-forbidden,Al-Ma'idah,63
haram-and-forbidden,Al-Ma'idah,72
haram-and-forbidden,Al-Ma'idah,87
haram-and-forbidden,Al-Anam,28
haram-and-forbidden,Al-Anam,56
haram-and-forbidden,Al-Anam,119
haram-and-forbidden,Al-Anam,138
haram-and-forbidden,Al-Anam,139
haram-and-forbidden,Al-Anam,140
haram-and-forbidden,Al-Anam,143
haram-and-forbidden,Al-Anam,144
haram-and-forbidden,Al-Anam,145
haram-and-forbidden,Al-Anam,146
haram-and-forbidden,Al-Anam,150
haram-and-forbidden,Al-Anam,151
haram-and-forbidden,Al-A'raf,32
haram-and-forbidden,Al-A'raf,33
haram-and-forbidden,Al-A'raf,50
haram-and-forbidden,Al-A'raf,166
haram-and-forbidden,At-Taubah,37
haram-and-forbidden,Yunus,59
haram-and-forbidden,An-Nahl,35
haram-and-forbidden,An-Nahl,115
haram-and-forbidden,An-Nahl,116
haram-and-forbidden,Al-Isra,32
haram-and-forbidden,Al-Isra,33
haram-and-forbidden,Al-Anbiya,95
haram-and-forbidden,An-Nur,3
haram-and-forbidden,Al-Furqan,22
haram-and-forbidden,Al-Furqan,53
haram-and-forbidden,Al-Furqan,68
haram-and-forbidden,Al-Qasas,12
haram-and-forbidden,Ghafir,66
haram-and-forbidden,Al-Waqi'ah,33
haram-and-forbidden,Al-Waqi'ah,67
haram-and-forbidden,At-Tahrim,1
haram-and-forbidden,Al-Qalam,27
haram-and-forbidden,Al-Ma'arij,25
zina,An-Nisa,15-16
zina,An-Nisa,19
zina,An-Nisa,22-25
zina,Al-Isra,32
zina,Al-Mu'minun,5-7
zina,An-Nur,2
zina,An-Nur,3
zina,An-Nur,33
zina,Al-Furqan,68
zina,Al-Mumtahanah,12
zina,At-Talaq,1
qiyamah,Al-Fatiha,1
qiyamah,Al-Fatiha,2
qiyamah,Al-Fatiha,3
qiyamah,Al-Fatiha,4
qiyamah,Al-Baqarah,48
qiyamah,Al-Baqarah,85
qiyamah,Al-Baqarah,113
qiyamah,Al-Baqarah,174
qiyamah,Al-Baqarah,212
qiyamah,Al-Baqarah,254
qiyamah,Al-Imran,9
qiyamah,Al-Imran,25
qiyamah,Al-Imran,55
qiyamah,Al-Imran,77
qiyamah,Al-Imran,106
qiyamah,Al-Imran,114
qiyamah,Al-Imran,161
qiyamah,Al-Imran,180
qiyamah,Al-Imran,185
qiyamah,Al-Imran,194
qiyamah,An-Nisa,59
qiyamah,An-Nisa,87
qiyamah,An-Nisa,109
qiyamah,An-Nisa,136
qiyamah,An-Nisa,141
qiyamah,An-Nisa,159
qiyamah,Al-Ma’idah,14
qiyamah,Al-Ma’idah,36
qiyamah,Al-Ma’idah,64
qiyamah,Al-Ma’idah,119
qiyamah,Al-Anam,12
qiyamah,Al-Anam,31
qiyamah,Al-Anam,40
qiyamah,Al-Anam,73
qiyamah,Al-Anam,128
qiyamah,Al-Anam,134
qiyamah,Al-Anam,158
qiyamah,Al-A’raf,14
qiyamah,Al-A’raf,22
qiyamah,Al-A’raf,57
qiyamah,Al-A’raf,167
qiyamah,Al-A’raf,172
qiyamah,Al-A’raf,187
qiyamah,At-Taubah,77
qiyamah,Yunus,48
qiyamah,Yunus,49
qiyamah,Yunus,60
qiyamah,Yunus,93
qiyamah,Hud,60
qiyamah,Hud,97
qiyamah,Hud,98
qiyamah,Hud,99
qiyamah,Hud,104
qiyamah,Yusuf,107
qiyamah,Ibrahim,31
qiyamah,Ibrahim,48
qiyamah,Al-Hijr,25
qiyamah,Al-Hijr,36
qiyamah,Al-Hijr,37
qiyamah,Al-Hijr,38
qiyamah,Al-Hijr,85
qiyamah,An-Nahl,1
qiyamah,An-Nahl,21
qiyamah,An-Nahl,25
qiyamah,An-Nahl,27
qiyamah,An-Nahl,33
qiyamah,An-Nahl,77
qiyamah,An-Nahl,92
qiyamah,An-Nahl,124
qiyamah,Al-Isra,13
qiyamah,Al-Isra,52
qiyamah,Al-Isra,58
qiyamah,Al-Isra,62
qiyamah,Al-Isra,97
qiyamah,Al-Isra,104
qiyamah,Al-Kahf,21
qiyamah,Al-Kahf,35
qiyamah,Al-Kahf,36
qiyamah,Al-Kahf,44
qiyamah,Al-Kahf,47
qiyamah,Al-Kahf,58
qiyamah,Al-Kahf,98
qiyamah,Al-Kahf,99
qiyamah,Al-Kahf,105
qiyamah,Maryam,38
qiyamah,Maryam,39
qiyamah,Maryam,75
qiyamah,Maryam,95
qiyamah,Ta-Ha,15
qiyamah,Ta-Ha,100
qiyamah,Ta-Ha,101
qiyamah,Ta-Ha,102
qiyamah,Ta-Ha,103
qiyamah,Ta-Ha,104
qiyamah,Ta-Ha,105
qiyamah,Ta-Ha,106
qiyamah,Ta-Ha,107
qiyamah,Ta-Ha,108
qiyamah,Ta-Ha,109
qiyamah,Ta-Ha,110
qiyamah,Ta-Ha,111
qiyamah,Ta-Ha,124
qiyamah,Al-Anbiya,1
qiyamah,Al-Anbiya,38
qiyamah,Al-Anbiya,39
qiyamah,Al-Anbiya,40
qiyamah,Al-Anbiya,47
qiyamah,Al-Anbiya,49
qiyamah,Al-Anbiya,96
qiyamah,Al-Anbiya,97
qiyamah,Al-Anbiya,104
qiyamah,Al-Anbiya,109
qiyamah,Al-Hajj,1
qiyamah,Al-Hajj,2
qiyamah,Al-Hajj,7
qiyamah,Al-Hajj,9
qiyamah,Al-Hajj,17
qiyamah,Al-Hajj,55
qiyamah,Al-Hajj,69
qiyamah,Al-Mu’minun,16
qiyamah,Al-Mu’minun,100
qiyamah,Al-Mu’minun,101
qiyamah,Al-Furqan,11
qiyamah,Al-Furqan,12
qiyamah,Al-Furqan,13
qiyamah,Al-Furqan,14
qiyamah,Al-Furqan,22
qiyamah,Al-Furqan,25
qiyamah,Al-Furqan,26
qiyamah,Al-Furqan,27
qiyamah,Al-Furqan,69
qiyamah,An-Naml,65
qiyamah,An-Naml,71
qiyamah,An-Naml,72
qiyamah,An-Naml,82
qiyamah,An-Naml,87
qiyamah,An-Naml,88
qiyamah,Al-Qasas,41
qiyamah,Al-Qasas,42
qiyamah,Al-Qasas,61
qiyamah,Al-Qasas,71
qiyamah,Al-Qasas,72
qiyamah,Al-Ankabut,5
qiyamah,Al-Ankabut,13
qiyamah,Al-Ankabut,25
qiyamah,Ar-Rum,8
qiyamah,Ar-Rum,11
qiyamah,Ar-Rum,12
qiyamah,Ar-Rum,13
qiyamah,Ar-Rum,14
qiyamah,Ar-Rum,25
qiyamah,Ar-Rum,43
qiyamah,Ar-Rum,55
qiyamah,Ar-Rum,56
qiyamah,Luqman,28
qiyamah,Luqman,29
qiyamah,Luqman,33
qiyamah,Luqman,34
qiyamah,As-Sajdah,25
qiyamah,As-Sajdah,28
qiyamah,As-Sajdah,29
qiyamah,Al-Ahzab,63
qiyamah,Saba,3
qiyamah,Saba,30
qiyamah,Fatir,14
qiyamah,Ya-Sin,48
qiyamah,Ya-Sin,49
qiyamah,Ya-Sin,50
qiyamah,Ya-Sin,51
qiyamah,Ya-Sin,52
qiyamah,Ya-Sin,53
qiyamah,Ya-Sin,54
qiyamah,As-Saffat,19
qiyamah,Sad,77
qiyamah,Sad,78
qiyamah,Sad,79
qiyamah,Sad,80
qiyamah,Sad,81
qiyamah,Az-Zumar,5
qiyamah,Az-Zumar,15
qiyamah,Az-Zumar,24
qiyamah,Az-Zumar,31
qiyamah,Az-Zumar,47
qiyamah,Az-Zumar,60
qiyamah,Az-Zumar,67
qiyamah,Az-Zumar,68
qiyamah,Az-Zumar,69
qiyamah,Ghafir,15
qiyamah,Ghafir,16
qiyamah,Ghafir,18
qiyamah,Ghafir,32
qiyamah,Ghafir,46
qiyamah,Ghafir,58
qiyamah,Ghafir,59
qiyamah,Fussilat,40
qiyamah,Fussilat,47
qiyamah,Fussilat,50
qiyamah,Ash-Shura,14
qiyamah,Ash-Shura,17
qiyamah,Ash-Shura,18
qiyamah,Ash-Shura,45
qiyamah,Az-Zukhruf,61
qiyamah,Az-Zukhruf,66
qiyamah,Az-Zukhruf,67
qiyamah,Az-Zukhruf,74
qiyamah,Az-Zukhruf,75
qiyamah,Az-Zukhruf,76
qiyamah,Az-Zukhruf,77
qiyamah,Az-Zukhruf,78
qiyamah,Az-Zukhruf,85
qiyamah,Al-Jathiyah,17
qiyamah,Al-Jathiyah,26
qiyamah,Al-Jathiyah,27
qiyamah,Al-Jathiyah,32
qiyamah,Al-Ahqaf,3
qiyamah,Al-Ahqaf,5
qiyamah,Al-Ahqaf,23
qiyamah,Al-Ahqaf,35
qiyamah,Muhammad,18
qiyamah,Qaf,40
qiyamah,Qaf,41
qiyamah,Qaf,42
qiyamah,Qaf,43
qiyamah,Qaf,44
qiyamah,At-Tur,9
qiyamah,At-Tur,10
qiyamah,At-Tur,45
qiyamah,At-Tur,46
qiyamah,An-Najm,57
qiyamah,An-Najm,58
qiyamah,Al-Qamar,1
qiyamah,Al-Qamar,6
qiyamah,Al-Qamar,7
qiyamah,Al-Qamar,8
qiyamah,Al-Qamar,46
qiyamah,Ar-Rahman,37
qiyamah,Ar-Rahman,38
qiyamah,Ar-Rahman,39
qiyamah,Al-Waqi’ah,6
qiyamah,Al-Waqi’ah,7
qiyamah,Al-Waqi’ah,49
qiyamah,Al-Waqi’ah,50
qiyamah,Al-Mujadila,7
qiyamah,Al-Mumtahanah,3
qiyamah,Al-Mulk,24
qiyamah,Al-Mulk,25
qiyamah,Al-Mulk,26
qiyamah,Al-Mulk,27
qiyamah,Al-Qalam,39
qiyamah,Al-Haqqah,13
qiyamah,Al-Haqqah,14
qiyamah,Al-Haqqah,15
qiyamah,Al-Haqqah,16
qiyamah,Al-Haqqah,17
qiyamah,Al-Ma’arij,6
qiyamah,Al-Ma’arij,7
qiyamah,Al-Ma’arij,8
qiyamah,Al-Ma’arij,9
qiyamah,Al-Ma’arij,10
qiyamah,Al-Ma’arij,42
qiyamah,Al-Ma’arij,43
qiyamah,Al-Ma’arij,44
qiyamah,Al-Jinn,25
qiyamah,Al-Muzzammil,14
qiyamah,Al-Muzzammil,17
qiyamah,Al-Muddaththir,8
qiyamah,Al-Muddaththir,9
qiyamah,Al-Qiyamah,1
qiyamah,Al-Qiyamah,2
qiyamah,Al-Qiyamah,3
qiyamah,Al-Qiyamah,4
qiyamah,Al-Qiyamah,5
qiyamah,Al-Qiyamah,6
qiyamah,Al-Qiyamah,7
qiyamah,Al-Qiyamah,8
qiyamah,Al-Qiyamah,9
qiyamah,Al-Qiyamah,10
qiyamah,Al-Qiyamah,13
qiyamah,Al-Qiyamah,20
qiyamah,Al-Qiyamah,21
qiyamah,Al-Qiyamah,22
qiyamah,Al-Qiyamah,23
qiyamah,Al-Qiyamah,24
qiyamah,Al-Qiyamah,25
qiyamah,Al-Qiyamah,26
qiyamah,Al-Qiyamah,27
qiyamah,Al-Qiyamah,28
qiyamah,Al-Qiyamah,29
qiyamah,Al-Qiyamah,30
qiyamah,Al-Mursalat,7
qiyamah,Al-Mursalat,8
qiyamah,Al-Mursalat,9
qiyamah,Al-Mursalat,10
qiyamah,Al-Mursalat,11
qiyamah,Al-Mursalat,12
qiyamah,Al-Mursalat,13
qiyamah,Al-Mursalat,14
qiyamah,An-Naba,19
qiyamah,An-Naba,20
qiyamah,An-Nazi’at,6
qiyamah,An-Nazi’at,7
qiyamah,An-Nazi’at,8
qiyamah,An-Nazi’at,9
qiyamah,An-Nazi’at,10
qiyamah,An-Nazi’at,11
qiyamah,An-Nazi’at,12
qiyamah,An-Nazi’at,13
qiyamah,An-Nazi’at,14
qiyamah,An-Nazi’at,24
qiyamah,An-Nazi’at,25
qiyamah,An-Nazi’at,42
qiyamah,An-Nazi’at,43
qiyamah,An-Nazi’at,44
qiyamah,An-Nazi’at,45
qiyamah,An-Nazi’at,46
qiyamah,Abasa,33
qiyamah,Abasa,34
qiyamah,Abasa,35
qiyamah,Abasa,36
qiyamah,At-Takwir,4
qiyamah,At-Takwir,5
qiyamah,At-Takwir,6
qiyamah,At-Takwir,7
qiyamah,At-Takwir,8
qiyamah,At-Takwir,9
qiyamah,At-Takwir,10
qiyamah,At-Takwir,11
qiyamah,At-Takwir,12
qiyamah,At-Takwir,13
qiyamah,At-Takwir,14
qiyamah,Al-Infitar,1
qiyamah,Al-Infitar,2
qiyamah,Al-Infitar,3
qiyamah,Al-Infitar,4
qiyamah,Al-Infitar,5
qiyamah,Al-Mutaffifin,4
qiyamah,Al-Mutaffifin,5
qiyamah,Al-Mutaffifin,6
qiyamah,Al-Inshiqaq,5
qiyamah,Al-Buruj,2
qiyamah,Al-Buruj,3
qiyamah,At-Tariq,8
qiyamah,At-Tariq,9
qiyamah,At-Tariq,10
qiyamah,Al-Ghashiyah,1
qiyamah,Al-Fajr,21
qiyamah,Al-Fajr,22
qiyamah,Az-Zalzalah,1
qiyamah,Az-Zalzalah,2
qiyamah,Az-Zalzalah,3
qiyamah,Az-Zalzalah,4
qiyamah,Az-Zalzalah,5
qiyamah,Al-Adiyat,9
qiyamah,Al-Adiyat,10
qiyamah,Al-Adiyat,11
qiyamah,Al-Qari’ah,1
qiyamah,Al-Qari’ah,2
qiyamah,Al-Qari’ah,3
qiyamah,Al-Qari’ah,4
qiyamah,Al-Qari’ah,5
shaitan,Al-Baqarah,14
shaitan,Al-Baqarah,34
shaitan,Al-Baqarah,36
shaitan,Al-Baqarah,102
shaitan,Al-Baqarah,168
shaitan,Al-Baqarah,208
shaitan,Al-Baqarah,268
shaitan,Al-Baqarah,275
shaitan,Al-Imran,36
shaitan,Al-Imran,155
shaitan,Al-Imran,175
shaitan,An-Nisa,38
shaitan,An-Nisa,60
shaitan,An-Nisa,76
shaitan,An-Nisa,83
shaitan,An-Nisa,117
shaitan,An-Nisa,119
shaitan,An-Nisa,120
shaitan,Al-Ma'idah,90
shaitan,Al-Ma'idah,91
shaitan,Al-Anam,43
shaitan,Al-Anam,68
shaitan,Al-Anam,71
shaitan,Al-Anam,112
shaitan,Al-Anam,121
shaitan,Al-Anam,142
shaitan,Al-Anam,22-24
shaitan,Al-A'raf,11
shaitan,Al-A'raf,20
shaitan,Al-A'raf,22
shaitan,Al-A'raf,27
shaitan,Al-A'raf,30
shaitan,Al-A'raf,175
shaitan,Al-A'raf,12-13
shaitan,Al-A'raf,179
shaitan,Al-A'raf,200
shaitan,Al-A'raf,201
shaitan,Al-Anfal,11
shaitan,Al-Anfal,48
shaitan,Yusuf,5
shaitan,Yusuf,42
shaitan,Yusuf,100
shaitan,Ibrahim,22
shaitan,Al-Hijr,17
shaitan,Al-Hijr,14-15
shaitan,Al-Hijr,40-42
shaitan,An-Nahl,63
shaitan,An-Nahl,98
shaitan,Al-Isra,27
shaitan,Al-Isra,53
shaitan,Al-Isra,64
shaitan,Al-Kahf,63
shaitan,Al-Kahf,50-51
shaitan,Maryam,44
shaitan,Maryam,45
shaitan,Maryam,68
shaitan,Maryam,83
shaitan,Ta-Ha,120
shaitan,Al-Anbiya,82
shaitan,Al-Hajj,3
shaitan,Al-Hajj,52
shaitan,Al-Hajj,53
shaitan,Al-Mu'minun,97
shaitan,An-Nur,21
shaitan,Al-Furqan,29
shaitan,Ash-Shu'ara,210
shaitan,Ash-Shu'ara,221
shaitan,An-Naml,24
shaitan,Al-Qasas,15
shaitan,Al-Ankabut,38
shaitan,Luqman,21
shaitan,Fatir,6
shaitan,Ya-Sin,60
shaitan,As-Saffat,7
shaitan,As-Saffat,65
shaitan,Sad,37
shaitan,Sad,41
shaitan,Sad,74-75
shaitan,Sad,82-83
shaitan,Fussilat,25
shaitan,Fussilat,36
shaitan,Az-Zukhruf,36
shaitan,Az-Zukhruf,62
shaitan,Az-Zukhruf,37-38
shaitan,Muhammad,25
shaitan,Qaf,27-29
shaitan,An-Najm,19–20
shaitan,Al-Mujadila,10
shaitan,Al-Mujadila,19
shaitan,Al-Hashr,16
shaitan,Al-Mulk,5
prophet-ibrahim,Al-Baqarah,71
prophet-ibrahim,Al-Baqarah,124
prophet-ibrahim,Al-Baqarah,125
prophet-ibrahim,Al-Baqarah,126
prophet-ibrahim,Al-Baqarah,127
prophet-ibrahim,Al-Baqarah,128
prophet-ibrahim,Al-Baqarah,130
prophet-ibrahim,Al-Baqarah,132
prophet-ibrahim,Al-Baqarah,133
prophet-ibrahim,Al-Baqarah,135
prophet-ibrahim,Al-Baqarah,136
prophet-ibrahim,Al-Baqarah,140
prophet-ibrahim,Al-Baqarah,258
prophet-ibrahim,Al-Baqarah,260
prophet-ibrahim,Al-Baqarah,261
prophet-ibrahim,Al-Baqarah,263
prophet-ibrahim,Al-Baqarah,264
prophet-ibrahim,Al-Baqarah,268
prophet-ibrahim,Al-Baqarah,269
prophet-ibrahim,Al-Baqarah,270
prophet-ibrahim,Al-Baqarah,272
prophet-ibrahim,Al-Baqarah,273
prophet-ibrahim,Al-Baqarah,282
prophet-ibrahim,Al-Baqarah,285
prophet-ibrahim,Al-Baqarah,286
prophet-ibrahim,Al-Imran,33
prophet-ibrahim,Al-Imran,65
prophet-ibrahim,Al-Imran,67
prophet-ibrahim,Al-Imran,68
prophet-ibrahim,Al-Imran,84
prophet-ibrahim,Al-Imran,95
prophet-ibrahim,An-Nisa,54
prophet-ibrahim,An-Nisa,125
prophet-ibrahim,An-Nisa,163
prophet-ibrahim,Al-Anam,74
prophet-ibrahim,Al-Anam,75
prophet-ibrahim,Al-Anam,83
prophet-ibrahim,Al-Anam,161
prophet-ibrahim,At-Taubah,70
prophet-ibrahim,At-Taubah,114
prophet-ibrahim,Hud,69
prophet-ibrahim,Hud,74
prophet-ibrahim,Hud,75
prophet-ibrahim,Hud,76
prophet-ibrahim,Yusuf,6
prophet-ibrahim,Yusuf,38
prophet-ibrahim,Ibrahim,35
prophet-ibrahim,Al-Hijr,51
prophet-ibrahim,An-Nahl,120
prophet-ibrahim,An-Nahl,123
prophet-ibrahim,Maryam,41
prophet-ibrahim,Maryam,46
prophet-ibrahim,Maryam,58
prophet-ibrahim,Al-Anbiya,51
prophet-ibrahim,Al-Anbiya,60
prophet-ibrahim,Al-Anbiya,62
prophet-ibrahim,Al-Anbiya,69
prophet-ibrahim,Al-Hajj,26
prophet-ibrahim,Al-Hajj,43
prophet-ibrahim,Al-Hajj,78
prophet-ibrahim,Ash-Shu’ara,69
prophet-ibrahim,Al-Ankabut,16
prophet-ibrahim,Al-Ankabut,31
prophet-ibrahim,Al-Ahzab,7
prophet-ibrahim,As-Saffat,83
prophet-ibrahim,As-Saffat,104
prophet-ibrahim,As-Saffat,109
prophet-ibrahim,Sad,45
prophet-ibrahim,Ash-Shura,13
prophet-ibrahim,Az-Zukhruf,26
prophet-ibrahim,Adh-Dhariyat,24
prophet-ibrahim,An-Najm,37
prophet-ibrahim,Al-Hadid,26
prophet-ibrahim,Al-Mumtahanah,4
prophet-ibrahim,Al-Ala,19
nikkah,Al-Baqarah,187
nikkah,Al-Baqarah,221
nikkah,Al-Baqarah,235
nikkah,Al-Baqarah,237
nikkah,An-Nisa,1
nikkah,An-Nisa,6
nikkah,An-Nisa,19-20
nikkah,An-Nisa,24
nikkah,An-Nisa,34
nikkah,Al-A'raf,189
nikkah,An-Nahl,72
nikkah,An-Nur,26
nikkah,An-Nur,32
nikkah,An-Nur,33
nikkah,An-Nur,60
nikkah,Al-Furqan,74
nikkah,Al-Qasas,27
nikkah,Ar-Rum,21
nikkah,Fatir,11
nikkah,Ya-Sin,36
nikkah,An-Naba,8
prophet-musa,Al-Baqarah,51
prophet-musa,Al-Baqarah,53
prophet-musa,Al-Baqarah,54
prophet-musa,Al-Baqarah,55
prophet-musa,Al-Baqarah,60
prophet-musa,Al-Baqarah,61
prophet-musa,Al-Baqarah,67
prophet-musa,Al-Baqarah,87
prophet-musa,Al-Baqarah,92
prophet-musa,Al-Baqarah,108
prophet-musa,Al-Baqarah,136
prophet-musa,Al-Baqarah,246
prophet-musa,Al-Baqarah,248
prophet-musa,Al-Imran,84
prophet-musa,An-Nisa,153
prophet-musa,An-Nisa,164
prophet-musa,Al-Ma’idah,20
prophet-musa,Al-Ma’idah,22
prophet-musa,Al-Ma’idah,24
prophet-musa,Al-Anam,84
prophet-musa,Al-Anam,91
prophet-musa,Al-Anam,154
prophet-musa,Al-A’raf,103
prophet-musa,Al-A’raf,104
prophet-musa,Al-A’raf,115
prophet-musa,Al-A’raf,117
prophet-musa,Al-A’raf,122
prophet-musa,Al-A’raf,127
prophet-musa,Al-A’raf,128
prophet-musa,Al-A’raf,131
prophet-musa,Al-A’raf,134
prophet-musa,Al-A’raf,138
prophet-musa,Al-A’raf,142
prophet-musa,Al-A’raf,143
prophet-musa,Al-A’raf,144
prophet-musa,Al-A’raf,148
prophet-musa,Al-A’raf,150
prophet-musa,Al-A’raf,154
prophet-musa,Al-A’raf,155
prophet-musa,Al-A’raf,159
prophet-musa,Al-A’raf,160
prophet-musa,Yunus,75
prophet-musa,Yunus,77
prophet-musa,Yunus,80
prophet-musa,Yunus,81
prophet-musa,Yunus,83
prophet-musa,Yunus,84
prophet-musa,Yunus,87
prophet-musa,Yunus,88
prophet-musa,Hud,17
prophet-musa,Hud,96
prophet-musa,Hud,110
prophet-musa,Ibrahim,5
prophet-musa,Ibrahim,6
prophet-musa,Ibrahim,8
prophet-musa,Al-Isra,2
prophet-musa,Al-Isra,101
prophet-musa,Al-Kahf,60
prophet-musa,Al-Kahf,66
prophet-musa,Maryam,51
prophet-musa,Ta-Ha,9
prophet-musa,Ta-Ha,11
prophet-musa,Ta-Ha,17
prophet-musa,Ta-Ha,19
prophet-musa,Ta-Ha,36
prophet-musa,Ta-Ha,40
prophet-musa,Ta-Ha,49
prophet-musa,Ta-Ha,57
prophet-musa,Ta-Ha,61
prophet-musa,Ta-Ha,65
prophet-musa,Ta-Ha,67
prophet-musa,Ta-Ha,70
prophet-musa,Ta-Ha,77
prophet-musa,Ta-Ha,83
prophet-musa,Ta-Ha,86
prophet-musa,Ta-Ha,88
prophet-musa,Ta-Ha,91
prophet-musa,Al-Hajj,44
prophet-musa,Al-Mu’minun,45
prophet-musa,Al-Mu’minun,49
prophet-musa,Al-Furqan,35
prophet-musa,Ash-Shu’ara,10
prophet-musa,Ash-Shu’ara,43
prophet-musa,Ash-Shu’ara,45
prophet-musa,Ash-Shu’ara,48
prophet-musa,Ash-Shu’ara,52
prophet-musa,Ash-Shu’ara,61
prophet-musa,Ash-Shu’ara,63
prophet-musa,Ash-Shu’ara,65
prophet-musa,An-Naml,7
prophet-musa,An-Naml,9
prophet-musa,An-Naml,10
prophet-musa,Al-Qasas,3
prophet-musa,Al-Qasas,7
prophet-musa,Al-Qasas,10
prophet-musa,Al-Qasas,15
prophet-musa,Al-Qasas,18
prophet-musa,Al-Qasas,19
prophet-musa,Al-Qasas,20
prophet-musa,Al-Qasas,29
prophet-musa,Al-Qasas,30
prophet-musa,Al-Qasas,31
prophet-musa,Al-Qasas,36
prophet-musa,Al-Qasas,37
prophet-musa,Al-Qasas,38
prophet-musa,Al-Qasas,43
prophet-musa,Al-Qasas,44
prophet-musa,Al-Qasas,48
prophet-musa,Al-Qasas,76
prophet-musa,Al-Ankabut,39
prophet-musa,As-Sajdah,23
prophet-musa,Al-Ahzab,7
prophet-musa,As-Saffat,114
prophet-musa,As-Saffat,120
prophet-musa,Ghafir,23
prophet-musa,Ghafir,26
prophet-musa,Ghafir,27
prophet-musa,Ghafir,37
prophet-musa,Ghafir,53
prophet-musa,Fussilat,45
prophet-musa,Ash-Shura,13
prophet-musa,Az-Zukhruf,46
prophet-musa,Al-Ahqaf,12
prophet-musa,Al-Ahqaf,30
prophet-musa,Adh-Dhariyat,38
prophet-musa,An-Najm,36
prophet-musa,As-Saff,5
prophet-musa,An-Nazi’at,15
prophet-musa,Al-Ala,19
kaabah,Al-Baqarah,125
kaabah,Al-Baqarah,127
kaabah,Al-Baqarah,128
kaabah,Al-Baqarah,144
kaabah,Al-Imran,96
kaabah,Al-Imran,97
kaabah,Al-Ma'idah,95
kaabah,Al-Ma'idah,97
kaabah,Al-Anfal,35
kaabah,At-Taubah,19
kaabah,Al-Hajj,26
kaabah,Al-Ahzab,33
jinn,Al-Anam,100
jinn,Al-Anam,112
jinn,Al-Anam,128
jinn,Al-Anam,130
jinn,Al-A'raf,38
jinn,Al-A'raf,179
jinn,Hud,119
jinn,Al-Hijr,27
jinn,Al-Isra,88
jinn,Al-Kahf,50
jinn,An-Naml,17
jinn,An-Naml,39
jinn,As-Sajdah,13
jinn,Saba,12
jinn,Saba,14
jinn,Saba,41
jinn,As-Saffat,158
jinn,Fussilat,25
jinn,Fussilat,29
jinn,Al-Ahqaf,18
jinn,Al-Ahqaf,29
jinn,Adh-Dhariyat,56
jinn,Ar-Rahman,15
jinn,Ar-Rahman,33
jinn,Ar-Rahman,39
jinn,Ar-Rahman,56
jinn,Ar-Rahman,74
jinn,Al-Jinn,1
jinn,Al-Jinn,5
jinn,Al-Jinn,6
jinn,An-Nas,6
hajj-and-umrah,Al-Baqarah,158
hajj-and-umrah,Al-Baqarah,189
hajj-and-umrah,Al-Baqarah,196-199
hajj-and-umrah,Al-Baqarah,125
hajj-and-umrah,Al-Baqarah,200-201
hajj-and-umrah,Al-Baqarah,203
hajj-and-umrah,Al-Imran,96
hajj-and-umrah,Al-Imran,97
hajj-and-umrah,Al-Ma'idah,1
hajj-and-umrah,Al-Ma'idah,2
hajj-and-umrah,Al-Ma'idah,94
hajj-and-umrah,Al-Ma'idah,95
hajj-and-umrah,Al-Ma'idah,96
hajj-and-umrah,At-Taubah,3
hajj-and-umrah,At-Taubah,19
hajj-and-umrah,At-Taubah,36
hajj-and-umrah,At-Taubah,37
hajj-and-umrah,Al-Hajj,26
hajj-and-umrah,Al-Hajj,27
hajj-and-umrah,Al-Hajj,28
hajj-and-umrah,Al-Hajj,29
hajj-and-umrah,Al-Hajj,33
hajj-and-umrah,Al-Hajj,36
hajj-and-umrah,Al-Fath,27
jahannam,Al-Baqarah,24
jahannam,Al-Baqarah,161-162
jahannam,Al-Baqarah,167
jahannam,Al-Baqarah,206
jahannam,Al-Imran,12
jahannam,Al-Imran,162
jahannam,Al-Imran,197
jahannam,An-Nisa,52
jahannam,An-Nisa,55
jahannam,An-Nisa,56
jahannam,An-Nisa,93
jahannam,An-Nisa,97
jahannam,An-Nisa,115
jahannam,An-Nisa,121
jahannam,An-Nisa,140
jahannam,An-Nisa,145
jahannam,An-Nisa,169
jahannam,Al-Ma’idah,36-37
jahannam,Al-A’raf,18
jahannam,Al-A’raf,41
jahannam,Al-A’raf,179
jahannam,Al-Anfal,16
jahannam,Al-Anfal,36
jahannam,Al-Anfal,37
jahannam,At-Taubah,35
jahannam,At-Taubah,49
jahannam,At-Taubah,63
jahannam,At-Taubah,68
jahannam,At-Taubah,73
jahannam,At-Taubah,81
jahannam,At-Taubah,95
jahannam,At-Taubah,109
jahannam,Yunus,27
jahannam,Hud,119
jahannam,Ar-Ra’d,18
jahannam,Ibrahim,16
jahannam,Ibrahim,29
jahannam,Ibrahim,49
jahannam,Al-Hijr,43
jahannam,An-Nahl,29
jahannam,Al-Isra,8
jahannam,Al-Isra,18
jahannam,Al-Isra,39
jahannam,Al-Isra,63
jahannam,Al-Isra,97
jahannam,Al-Kahf,100
jahannam,Al-Kahf,102
jahannam,Al-Kahf,106
jahannam,Maryam,68
jahannam,Maryam,86
jahannam,Ta-Ha,74
jahannam,Al-Anbiya,29
jahannam,Al-Anbiya,98
jahannam,Al-Hajj,19-22
jahannam,Al-Mu’minun,103
jahannam,Al-Mu’minun,104
jahannam,Al-Furqan,34
jahannam,Al-Furqan,65
jahannam,Al-Ankabut,54
jahannam,Al-Ankabut,68
jahannam,As-Sajdah,13
jahannam,Fatir,36
jahannam,Ya-Sin,63
jahannam,As-Saffat,62-68
jahannam,Sad,56
jahannam,Sad,85
jahannam,Sad,57-58
jahannam,Az-Zumar,32
jahannam,Az-Zumar,60
jahannam,Az-Zumar,71
jahannam,Az-Zumar,72
jahannam,Ghafir,49
jahannam,Ghafir,60
jahannam,Ghafir,76
jahannam,Az-Zukhruf,74
jahannam,Ad-Dukhan,43-46
jahannam,Al-Jathiyah,10
jahannam,Muhammad,15
jahannam,Al-Fath,6
jahannam,Qaf,24
jahannam,Qaf,30
jahannam,At-Tur,13
jahannam,Al-Qamar,48
jahannam,Al-Qamar,47-48
jahannam,Ar-Rahman,43
jahannam,Ar-Rahman,44
jahannam,Al-Waqi’ah,92-93
jahannam,Al-Mujadila,8
jahannam,At-Tahrim,9
jahannam,Al-Mulk,6
jahannam,Al-Ma’arij,15
jahannam,Al-Jinn,15
jahannam,Al-Jinn,23
jahannam,Al-Muddaththir,26
jahannam,Al-Muddaththir,27
jahannam,Al-Muddaththir,42
jahannam,An-Naba,21
jahannam,Al-Buruj,10
jahannam,Al-Ala,10-14
jahannam,Al-Ghashiyah,5-7
jahannam,Al-Fajr,23
jahannam,Al-Alaq,18
jahannam,Al-Bayyina,6
wife,Al-Baqarah,187
wife,Al-Baqarah,223
wife,Al-Baqarah,226
wife,Al-Baqarah,231
wife,Al-Imran,35
wife,Al-Imran,40
wife,Al-Imran,61
wife,An-Nisa,1
wife,An-Nisa,3
wife,An-Nisa,4
wife,An-Nisa,7
wife,An-Nisa,15
wife,An-Nisa,19
wife,An-Nisa,20
wife,An-Nisa,23
wife,An-Nisa,34
wife,An-Nisa,35
wife,An-Nisa,128
wife,Al-A’raf,19
wife,Al-A’raf,83
wife,Al-A’raf,189
wife,Hud,71
wife,Hud,81
wife,Yusuf,21
wife,Yusuf,25
wife,Yusuf,30
wife,Yusuf,51
wife,Al-Hijr,60
wife,An-Nahl,72
wife,Maryam,5
wife,Maryam,8
wife,Ta-Ha,117
wife,Al-Anbiya,90
wife,An-Nur,26
wife,An-Nur,31
wife,An-Nur,33
wife,Al-Furqan,74
wife,An-Naml,57
wife,Al-Qasas,9
wife,Al-Ankabut,32
wife,Al-Ankabut,33
wife,Ar-Rum,21
wife,Al-Ahzab,30
wife,Al-Ahzab,32
wife,Al-Ahzab,35
wife,Al-Ahzab,37
wife,Al-Ahzab,50
wife,Al-Ahzab,59
wife,Fatir,11
wife,Ya-Sin,36
wife,Az-Zukhruf,70
wife,Adh-Dhariyat,29
wife,Al-Mujadila,1
wife,Al-Mujadila,2
wife,Al-Mujadila,3
wife,At-Talaq,1
wife,At-Talaq,4
wife,At-Tahrim,10
wife,At-Tahrim,11
wife,Al-Jinn,3
wife,An-Naba,8
wife,Abasa,36
wife,Al-Masad,4
jannah,Al-Baqarah,25
jannah,Al-Baqarah,35
jannah,Al-Baqarah,82
jannah,Al-Baqarah,111
jannah,Al-Baqarah,214
jannah,Al-Baqarah,221
jannah,Al-Imran,15
jannah,Al-Imran,142
jannah,Al-Imran,185
jannah,An-Nisa,122
jannah,An-Nisa,124
jannah,Al-Ma'idah,37
jannah,Al-Ma'idah,72
jannah,Al-Anam,127
jannah,Al-A'raf,27
jannah,Al-A'raf,40
jannah,Al-A'raf,42
jannah,Al-A'raf,43
jannah,Al-A'raf,44
jannah,Al-A'raf,46
jannah,Al-A'raf,49
jannah,Al-A'raf,50
jannah,At-Taubah,72
jannah,At-Taubah,89
jannah,At-Taubah,111
jannah,Yunus,19
jannah,Yunus,26
jannah,Hud,23
jannah,Hud,108
jannah,Ar-Ra'd,23
jannah,Ar-Ra'd,24
jannah,Ar-Ra'd,35
jannah,Ar-Ra'd,23-24
jannah,Al-Hijr,47
jannah,An-Nahl,32
jannah,Al-Kahf,107
jannah,Al-Kahf,108
jannah,Maryam,60
jannah,Maryam,63
jannah,Ta-Ha,117
jannah,Ta-Ha,121
jannah,Al-Hajj,56
jannah,Al-Mu'minun,11
jannah,Al-Furqan,24
jannah,Al-Furqan,25
jannah,Ash-Shu'ara,90
jannah,Al-Ankabut,58
jannah,Al-Ahzab,64
jannah,Ya-Sin,26
jannah,Ya-Sin,55
jannah,Ya-Sin,56-58
jannah,Az-Zumar,73
jannah,Az-Zumar,74
jannah,Ghafir,40
jannah,Fussilat,30
jannah,Ash-Shura,7
jannah,Az-Zukhruf,70
jannah,Az-Zukhruf,72
jannah,Al-Ahqaf,14
jannah,Al-Ahqaf,16
jannah,Muhammad,6
jannah,Muhammad,15
jannah,Qaf,31
jannah,At-Tur,21
jannah,At-Tur,49
jannah,Ar-Rahman,62-68
jannah,Al-Waqi'ah,17-21
jannah,Al-Waqi'ah,25-26
jannah,Al-Hashr,20
jannah,At-Tahrim,11
jannah,An-Nazi'at,41
jannah,At-Takwir,13
jannah,Al-Ghashiyah,6-7
jannah,Al-Fajr,30
jesus-isa,Al-Baqarah,87
jesus-isa,Al-Baqarah,136
jesus-isa,Al-Baqarah,253
jesus-isa,Al-Imran,45
jesus-isa,Al-Imran,49
jesus-isa,Al-Imran,50
jesus-isa,Al-Imran,52
jesus-isa,Al-Imran,55
jesus-isa,Al-Imran,59
jesus-isa,Al-Imran,84
jesus-isa,Al-Imran,85
jesus-isa,Al-Imran,91
jesus-isa,Al-Imran,95
jesus-isa,An-Nisa,157
jesus-isa,An-Nisa,159
jesus-isa,An-Nisa,163
jesus-isa,An-Nisa,171
jesus-isa,An-Nisa,172
jesus-isa,Al-Ma'idah,17
jesus-isa,Al-Ma'idah,46
jesus-isa,Al-Ma'idah,72
jesus-isa,Al-Ma'idah,75
jesus-isa,Al-Ma'idah,78
jesus-isa,Al-Ma'idah,110
jesus-isa,Al-Ma'idah,112
jesus-isa,Al-Ma'idah,114
jesus-isa,Al-Ma'idah,116
jesus-isa,Al-Ma'idah,117
jesus-isa,Al-Anam,85
jesus-isa,At-Taubah,30
jesus-isa,At-Taubah,31
jesus-isa,At-Taubah,32
jesus-isa,At-Taubah,33
jesus-isa,At-Taubah,34
jesus-isa,Maryam,34
jesus-isa,Maryam,36
jesus-isa,Al-Anbiya,91
jesus-isa,Al-Mu'minun,50
jesus-isa,Al-Ahzab,7
jesus-isa,Al-Ahzab,8
jesus-isa,Ash-Shura,13
jesus-isa,Az-Zukhruf,57
jesus-isa,Az-Zukhruf,58
jesus-isa,Az-Zukhruf,59
jesus-isa,Az-Zukhruf,61
jesus-isa,Az-Zukhruf,63
jesus-isa,Az-Zukhruf,64
jesus-isa,Al-Hadid,27
jesus-isa,As-Saff,6
jesus-isa,As-Saff,14
divorce,Al-Baqarah,226
divorce,Al-Baqarah,227
divorce,Al-Baqarah,228
divorce,Al-Baqarah,229
divorce,Al-Baqarah,230
divorce,Al-Baqarah,231
divorce,Al-Baqarah,232
divorce,Al-Baqarah,233
divorce,Al-Baqarah,234
divorce,Al-Baqarah,235
divorce,Al-Baqarah,236
divorce,Al-Baqarah,237
divorce,Al-Baqarah,240
divorce,Al-Baqarah,241
divorce,Al-Baqarah,246
divorce,An-Nisa,34
divorce,An-Nisa,35
divorce,Al-Ahzab,49
divorce,Al-Mumtahanah,10
divorce,At-Talaq,1
divorce,At-Talaq,2
divorce,At-Talaq,4
divorce,At-Talaq,5
divorce,At-Talaq,6
divorce,At-Talaq,7
divorce,At-Tahrim,5
zakat,Al-Baqarah,43
zakat,Al-Baqarah,83
zakat,Al-Baqarah,110
zakat,Al-Baqarah,177
zakat,Al-Baqarah,196
zakat,Al-Baqarah,215
zakat,Al-Baqarah,219
zakat,Al-Baqarah,254
zakat,Al-Baqarah,262
zakat,Al-Baqarah,263
zakat,Al-Baqarah,267
zakat,Al-Baqarah,270
zakat,Al-Baqarah,272
zakat,Al-Baqarah,273
zakat,Al-Baqarah,274
zakat,Al-Baqarah,277
zakat,Al-Baqarah,280
zakat,Al-Imran,92
zakat,Al-Imran,134
zakat,An-Nisa,38
zakat,An-Nisa,77
zakat,An-Nisa,160
zakat,An-Nisa,162
zakat,Al-Ma'idah,12
zakat,Al-Ma'idah,45
zakat,Al-Ma'idah,55
zakat,Al-Anam,114
zakat,Al-Anam,141
zakat,Al-A'raf,156
zakat,At-Taubah,5
zakat,At-Taubah,11
zakat,At-Taubah,18
zakat,At-Taubah,54
zakat,At-Taubah,60
zakat,At-Taubah,71
zakat,At-Taubah,103
zakat,Ibrahim,31
zakat,An-Nahl,75
zakat,An-Nahl,89-90
zakat,Al-Isra,26-29
zakat,Maryam,31
zakat,Maryam,55
zakat,Al-Anbiya,73
zakat,Al-Hajj,35
zakat,Al-Hajj,41
zakat,Al-Hajj,78
zakat,An-Nur,37
zakat,An-Nur,56
zakat,An-Naml,3
zakat,Ar-Rum,38
zakat,Ar-Rum,39
zakat,Luqman,4
zakat,Al-Ahzab,33
zakat,Fussilat,7
zakat,Al-Hadid,7
zakat,Al-Mujadila,13
zakat,At-Taghabun,16
zakat,Al-Muzzammil,20
zakat,Al-Bayyina,5
zakat,Al-Ma'un,1-7
zakat,Al-Kawthar,1-2
